category_id,ar,en,es,fr,ge,hi,it,ja,pt_BR,ru
1,"Arts, crafts, and collectibles ","Arts, crafts, and collectibles ","Arts, crafts, and collectibles ","Arts, crafts, and collectibles ","Arts, crafts, and collectibles ","Arts, crafts, and collectibles ","Arts, crafts, and collectibles ","Arts, crafts, and collectibles ","Arts, crafts, and collectibles ","Arts, crafts, and collectibles "
2,Baby ,Baby ,Baby ,Baby ,Baby ,Baby ,Baby ,Baby ,Baby ,Baby 
3,Beauty and fragrances ,Beauty and fragrances ,Beauty and fragrances ,Beauty and fragrances ,Beauty and fragrances ,Beauty and fragrances ,Beauty and fragrances ,Beauty and fragrances ,Beauty and fragrances ,Beauty and fragrances 
4,Books and magazines ,Books and magazines ,Books and magazines ,Books and magazines ,Books and magazines ,Books and magazines ,Books and magazines ,Books and magazines ,Books and magazines ,Books and magazines 
5,Business to business ,Business to business ,Business to business ,Business to business ,Business to business ,Business to business ,Business to business ,Business to business ,Business to business ,Business to business 
6,"Clothing, accessories, and shoes ","Clothing, accessories, and shoes ","Clothing, accessories, and shoes ","Clothing, accessories, and shoes ","Clothing, accessories, and shoes ","Clothing, accessories, and shoes ","Clothing, accessories, and shoes ","Clothing, accessories, and shoes ","Clothing, accessories, and shoes ","Clothing, accessories, and shoes "
7,"Computers, accessories, and services ","Computers, accessories, and services ","Computers, accessories, and services ","Computers, accessories, and services ","Computers, accessories, and services ","Computers, accessories, and services ","Computers, accessories, and services ","Computers, accessories, and services ","Computers, accessories, and services ","Computers, accessories, and services "
8,Education ,Education ,Education ,Education ,Education ,Education ,Education ,Education ,Education ,Education 
9,Electronics and telecom ,Electronics and telecom ,Electronics and telecom ,Electronics and telecom ,Electronics and telecom ,Electronics and telecom ,Electronics and telecom ,Electronics and telecom ,Electronics and telecom ,Electronics and telecom 
10,Entertainment and media ,Entertainment and media ,Entertainment and media ,Entertainment and media ,Entertainment and media ,Entertainment and media ,Entertainment and media ,Entertainment and media ,Entertainment and media ,Entertainment and media 
11,Financial services and products ,Financial services and products ,Financial services and products ,Financial services and products ,Financial services and products ,Financial services and products ,Financial services and products ,Financial services and products ,Financial services and products ,Financial services and products 
12,Food retail and service ,Food retail and service ,Food retail and service ,Food retail and service ,Food retail and service ,Food retail and service ,Food retail and service ,Food retail and service ,Food retail and service ,Food retail and service 
13,Gifts and flowers ,Gifts and flowers ,Gifts and flowers ,Gifts and flowers ,Gifts and flowers ,Gifts and flowers ,Gifts and flowers ,Gifts and flowers ,Gifts and flowers ,Gifts and flowers 
14,Government ,Government ,Government ,Government ,Government ,Government ,Government ,Government ,Government ,Government 
15,Health and personal care ,Health and personal care ,Health and personal care ,Health and personal care ,Health and personal care ,Health and personal care ,Health and personal care ,Health and personal care ,Health and personal care ,Health and personal care 
16,Home and garden ,Home and garden ,Home and garden ,Home and garden ,Home and garden ,Home and garden ,Home and garden ,Home and garden ,Home and garden ,Home and garden 
17,Nonprofit ,Nonprofit ,Nonprofit ,Nonprofit ,Nonprofit ,Nonprofit ,Nonprofit ,Nonprofit ,Nonprofit ,Nonprofit 
18,Pets and animals ,Pets and animals ,Pets and animals ,Pets and animals ,Pets and animals ,Pets and animals ,Pets and animals ,Pets and animals ,Pets and animals ,Pets and animals 
19,Religion and spirituality (for profit) ,Religion and spirituality (for profit) ,Religion and spirituality (for profit) ,Religion and spirituality (for profit) ,Religion and spirituality (for profit) ,Religion and spirituality (for profit) ,Religion and spirituality (for profit) ,Religion and spirituality (for profit) ,Religion and spirituality (for profit) ,Religion and spirituality (for profit) 
20,Retail (not elsewhere classified) ,Retail (not elsewhere classified) ,Retail (not elsewhere classified) ,Retail (not elsewhere classified) ,Retail (not elsewhere classified) ,Retail (not elsewhere classified) ,Retail (not elsewhere classified) ,Retail (not elsewhere classified) ,Retail (not elsewhere classified) ,Retail (not elsewhere classified) 
21,Services - other ,Services - other ,Services - other ,Services - other ,Services - other ,Services - other ,Services - other ,Services - other ,Services - other ,Services - other 
22,Sports and outdoors ,Sports and outdoors ,Sports and outdoors ,Sports and outdoors ,Sports and outdoors ,Sports and outdoors ,Sports and outdoors ,Sports and outdoors ,Sports and outdoors ,Sports and outdoors 
23,Toys and hobbies ,Toys and hobbies ,Toys and hobbies ,Toys and hobbies ,Toys and hobbies ,Toys and hobbies ,Toys and hobbies ,Toys and hobbies ,Toys and hobbies ,Toys and hobbies 
24,Travel ,Travel ,Travel ,Travel ,Travel ,Travel ,Travel ,Travel ,Travel ,Travel 
25,Vehicle sales ,Vehicle sales ,Vehicle sales ,Vehicle sales ,Vehicle sales ,Vehicle sales ,Vehicle sales ,Vehicle sales ,Vehicle sales ,Vehicle sales 
26,Vehicle service and accessories ,Vehicle service and accessories ,Vehicle service and accessories ,Vehicle service and accessories ,Vehicle service and accessories ,Vehicle service and accessories ,Vehicle service and accessories ,Vehicle service and accessories ,Vehicle service and accessories ,Vehicle service and accessories 
27,Antiques ,Antiques ,Antiques ,Antiques ,Antiques ,Antiques ,Antiques ,Antiques ,Antiques ,Antiques 
28,Art and craft supplies ,Art and craft supplies ,Art and craft supplies ,Art and craft supplies ,Art and craft supplies ,Art and craft supplies ,Art and craft supplies ,Art and craft supplies ,Art and craft supplies ,Art and craft supplies 
29,Art dealers and galleries ,Art dealers and galleries ,Art dealers and galleries ,Art dealers and galleries ,Art dealers and galleries ,Art dealers and galleries ,Art dealers and galleries ,Art dealers and galleries ,Art dealers and galleries ,Art dealers and galleries 
30,Camera and photographic supplies ,Camera and photographic supplies ,Camera and photographic supplies ,Camera and photographic supplies ,Camera and photographic supplies ,Camera and photographic supplies ,Camera and photographic supplies ,Camera and photographic supplies ,Camera and photographic supplies ,Camera and photographic supplies 
31,Digital art ,Digital art ,Digital art ,Digital art ,Digital art ,Digital art ,Digital art ,Digital art ,Digital art ,Digital art 
32,Memorabilia ,Memorabilia ,Memorabilia ,Memorabilia ,Memorabilia ,Memorabilia ,Memorabilia ,Memorabilia ,Memorabilia ,Memorabilia 
33,Music store (instruments and sheet music) ,Music store (instruments and sheet music) ,Music store (instruments and sheet music) ,Music store (instruments and sheet music) ,Music store (instruments and sheet music) ,Music store (instruments and sheet music) ,Music store (instruments and sheet music) ,Music store (instruments and sheet music) ,Music store (instruments and sheet music) ,Music store (instruments and sheet music) 
34,"Sewing, needlework, and fabrics ","Sewing, needlework, and fabrics ","Sewing, needlework, and fabrics ","Sewing, needlework, and fabrics ","Sewing, needlework, and fabrics ","Sewing, needlework, and fabrics ","Sewing, needlework, and fabrics ","Sewing, needlework, and fabrics ","Sewing, needlework, and fabrics ","Sewing, needlework, and fabrics "
35,Stamp and coin ,Stamp and coin ,Stamp and coin ,Stamp and coin ,Stamp and coin ,Stamp and coin ,Stamp and coin ,Stamp and coin ,Stamp and coin ,Stamp and coin 
36,"Stationary, printing and writing paper ","Stationary, printing and writing paper ","Stationary, printing and writing paper ","Stationary, printing and writing paper ","Stationary, printing and writing paper ","Stationary, printing and writing paper ","Stationary, printing and writing paper ","Stationary, printing and writing paper ","Stationary, printing and writing paper ","Stationary, printing and writing paper "
37,Vintage and collectibles ,Vintage and collectibles ,Vintage and collectibles ,Vintage and collectibles ,Vintage and collectibles ,Vintage and collectibles ,Vintage and collectibles ,Vintage and collectibles ,Vintage and collectibles ,Vintage and collectibles 
38,Clothing ,Clothing ,Clothing ,Clothing ,Clothing ,Clothing ,Clothing ,Clothing ,Clothing ,Clothing 
39,Furniture ,Furniture ,Furniture ,Furniture ,Furniture ,Furniture ,Furniture ,Furniture ,Furniture ,Furniture 
40,Baby products (other) ,Baby products (other) ,Baby products (other) ,Baby products (other) ,Baby products (other) ,Baby products (other) ,Baby products (other) ,Baby products (other) ,Baby products (other) ,Baby products (other) 
41,Safety and health ,Safety and health ,Safety and health ,Safety and health ,Safety and health ,Safety and health ,Safety and health ,Safety and health ,Safety and health ,Safety and health 
42,Bath and body ,Bath and body ,Bath and body ,Bath and body ,Bath and body ,Bath and body ,Bath and body ,Bath and body ,Bath and body ,Bath and body 
43,Fragrances and perfumes ,Fragrances and perfumes ,Fragrances and perfumes ,Fragrances and perfumes ,Fragrances and perfumes ,Fragrances and perfumes ,Fragrances and perfumes ,Fragrances and perfumes ,Fragrances and perfumes ,Fragrances and perfumes 
44,Makeup and cosmetics ,Makeup and cosmetics ,Makeup and cosmetics ,Makeup and cosmetics ,Makeup and cosmetics ,Makeup and cosmetics ,Makeup and cosmetics ,Makeup and cosmetics ,Makeup and cosmetics ,Makeup and cosmetics 
45,Audio books ,Audio books ,Audio books ,Audio books ,Audio books ,Audio books ,Audio books ,Audio books ,Audio books ,Audio books 
46,Digital content ,Digital content ,Digital content ,Digital content ,Digital content ,Digital content ,Digital content ,Digital content ,Digital content ,Digital content 
47,Educational and textbooks ,Educational and textbooks ,Educational and textbooks ,Educational and textbooks ,Educational and textbooks ,Educational and textbooks ,Educational and textbooks ,Educational and textbooks ,Educational and textbooks ,Educational and textbooks 
48,Fiction and nonfiction ,Fiction and nonfiction ,Fiction and nonfiction ,Fiction and nonfiction ,Fiction and nonfiction ,Fiction and nonfiction ,Fiction and nonfiction ,Fiction and nonfiction ,Fiction and nonfiction ,Fiction and nonfiction 
49,Magazines ,Magazines ,Magazines ,Magazines ,Magazines ,Magazines ,Magazines ,Magazines ,Magazines ,Magazines 
50,Publishing and printing ,Publishing and printing ,Publishing and printing ,Publishing and printing ,Publishing and printing ,Publishing and printing ,Publishing and printing ,Publishing and printing ,Publishing and printing ,Publishing and printing 
51,Rare and used books ,Rare and used books ,Rare and used books ,Rare and used books ,Rare and used books ,Rare and used books ,Rare and used books ,Rare and used books ,Rare and used books ,Rare and used books 
52,Accounting ,Accounting ,Accounting ,Accounting ,Accounting ,Accounting ,Accounting ,Accounting ,Accounting ,Accounting 
53,Advertising ,Advertising ,Advertising ,Advertising ,Advertising ,Advertising ,Advertising ,Advertising ,Advertising ,Advertising 
54,Agricultural ,Agricultural ,Agricultural ,Agricultural ,Agricultural ,Agricultural ,Agricultural ,Agricultural ,Agricultural ,Agricultural 
55,"Architectural, engineering, and surveying services ","Architectural, engineering, and surveying services ","Architectural, engineering, and surveying services ","Architectural, engineering, and surveying services ","Architectural, engineering, and surveying services ","Architectural, engineering, and surveying services ","Architectural, engineering, and surveying services ","Architectural, engineering, and surveying services ","Architectural, engineering, and surveying services ","Architectural, engineering, and surveying services "
56,Chemicals and allied products ,Chemicals and allied products ,Chemicals and allied products ,Chemicals and allied products ,Chemicals and allied products ,Chemicals and allied products ,Chemicals and allied products ,Chemicals and allied products ,Chemicals and allied products ,Chemicals and allied products 
57,"Commercial photography, art, and graphics ","Commercial photography, art, and graphics ","Commercial photography, art, and graphics ","Commercial photography, art, and graphics ","Commercial photography, art, and graphics ","Commercial photography, art, and graphics ","Commercial photography, art, and graphics ","Commercial photography, art, and graphics ","Commercial photography, art, and graphics ","Commercial photography, art, and graphics "
58,Construction ,Construction ,Construction ,Construction ,Construction ,Construction ,Construction ,Construction ,Construction ,Construction 
59,Consulting services ,Consulting services ,Consulting services ,Consulting services ,Consulting services ,Consulting services ,Consulting services ,Consulting services ,Consulting services ,Consulting services 
60,Educational services ,Educational services ,Educational services ,Educational services ,Educational services ,Educational services ,Educational services ,Educational services ,Educational services ,Educational services 
61,Equipment rentals and leasing services ,Equipment rentals and leasing services ,Equipment rentals and leasing services ,Equipment rentals and leasing services ,Equipment rentals and leasing services ,Equipment rentals and leasing services ,Equipment rentals and leasing services ,Equipment rentals and leasing services ,Equipment rentals and leasing services ,Equipment rentals and leasing services 
62,Equipment repair services ,Equipment repair services ,Equipment repair services ,Equipment repair services ,Equipment repair services ,Equipment repair services ,Equipment repair services ,Equipment repair services ,Equipment repair services ,Equipment repair services 
63,Hiring services ,Hiring services ,Hiring services ,Hiring services ,Hiring services ,Hiring services ,Hiring services ,Hiring services ,Hiring services ,Hiring services 
64,Industrial and manufacturing supplies ,Industrial and manufacturing supplies ,Industrial and manufacturing supplies ,Industrial and manufacturing supplies ,Industrial and manufacturing supplies ,Industrial and manufacturing supplies ,Industrial and manufacturing supplies ,Industrial and manufacturing supplies ,Industrial and manufacturing supplies ,Industrial and manufacturing supplies 
65,Mailing lists ,Mailing lists ,Mailing lists ,Mailing lists ,Mailing lists ,Mailing lists ,Mailing lists ,Mailing lists ,Mailing lists ,Mailing lists 
66,Marketing ,Marketing ,Marketing ,Marketing ,Marketing ,Marketing ,Marketing ,Marketing ,Marketing ,Marketing 
67,Multi-level marketing ,Multi-level marketing ,Multi-level marketing ,Multi-level marketing ,Multi-level marketing ,Multi-level marketing ,Multi-level marketing ,Multi-level marketing ,Multi-level marketing ,Multi-level marketing 
68,Office and commercial furniture ,Office and commercial furniture ,Office and commercial furniture ,Office and commercial furniture ,Office and commercial furniture ,Office and commercial furniture ,Office and commercial furniture ,Office and commercial furniture ,Office and commercial furniture ,Office and commercial furniture 
69,Office supplies and equipment ,Office supplies and equipment ,Office supplies and equipment ,Office supplies and equipment ,Office supplies and equipment ,Office supplies and equipment ,Office supplies and equipment ,Office supplies and equipment ,Office supplies and equipment ,Office supplies and equipment 
70,Quick copy and reproduction services ,Quick copy and reproduction services ,Quick copy and reproduction services ,Quick copy and reproduction services ,Quick copy and reproduction services ,Quick copy and reproduction services ,Quick copy and reproduction services ,Quick copy and reproduction services ,Quick copy and reproduction services ,Quick copy and reproduction services 
71,Shipping and packing ,Shipping and packing ,Shipping and packing ,Shipping and packing ,Shipping and packing ,Shipping and packing ,Shipping and packing ,Shipping and packing ,Shipping and packing ,Shipping and packing 
72,Stenographic and secretarial support services ,Stenographic and secretarial support services ,Stenographic and secretarial support services ,Stenographic and secretarial support services ,Stenographic and secretarial support services ,Stenographic and secretarial support services ,Stenographic and secretarial support services ,Stenographic and secretarial support services ,Stenographic and secretarial support services ,Stenographic and secretarial support services 
73,Wholesale ,Wholesale ,Wholesale ,Wholesale ,Wholesale ,Wholesale ,Wholesale ,Wholesale ,Wholesale ,Wholesale 
74,Children's clothing ,Children's clothing ,Children's clothing ,Children's clothing ,Children's clothing ,Children's clothing ,Children's clothing ,Children's clothing ,Children's clothing ,Children's clothing 
75,Men's clothing ,Men's clothing ,Men's clothing ,Men's clothing ,Men's clothing ,Men's clothing ,Men's clothing ,Men's clothing ,Men's clothing ,Men's clothing 
76,Women's clothing ,Women's clothing ,Women's clothing ,Women's clothing ,Women's clothing ,Women's clothing ,Women's clothing ,Women's clothing ,Women's clothing ,Women's clothing 
77,Shoes ,Shoes ,Shoes ,Shoes ,Shoes ,Shoes ,Shoes ,Shoes ,Shoes ,Shoes 
78,Military and civil service uniforms ,Military and civil service uniforms ,Military and civil service uniforms ,Military and civil service uniforms ,Military and civil service uniforms ,Military and civil service uniforms ,Military and civil service uniforms ,Military and civil service uniforms ,Military and civil service uniforms ,Military and civil service uniforms 
79,Accessories ,Accessories ,Accessories ,Accessories ,Accessories ,Accessories ,Accessories ,Accessories ,Accessories ,Accessories 
80,Retail (fine jewelry and watches) ,Retail (fine jewelry and watches) ,Retail (fine jewelry and watches) ,Retail (fine jewelry and watches) ,Retail (fine jewelry and watches) ,Retail (fine jewelry and watches) ,Retail (fine jewelry and watches) ,Retail (fine jewelry and watches) ,Retail (fine jewelry and watches) ,Retail (fine jewelry and watches) 
81,Wholesale (precious stones and metals) ,Wholesale (precious stones and metals) ,Wholesale (precious stones and metals) ,Wholesale (precious stones and metals) ,Wholesale (precious stones and metals) ,Wholesale (precious stones and metals) ,Wholesale (precious stones and metals) ,Wholesale (precious stones and metals) ,Wholesale (precious stones and metals) ,Wholesale (precious stones and metals) 
82,Fashion jewelry ,Fashion jewelry ,Fashion jewelry ,Fashion jewelry ,Fashion jewelry ,Fashion jewelry ,Fashion jewelry ,Fashion jewelry ,Fashion jewelry ,Fashion jewelry 
83,Computer and data processing services ,Computer and data processing services ,Computer and data processing services ,Computer and data processing services ,Computer and data processing services ,Computer and data processing services ,Computer and data processing services ,Computer and data processing services ,Computer and data processing services ,Computer and data processing services 
84,"Desktops, laptops, and notebooks ","Desktops, laptops, and notebooks ","Desktops, laptops, and notebooks ","Desktops, laptops, and notebooks ","Desktops, laptops, and notebooks ","Desktops, laptops, and notebooks ","Desktops, laptops, and notebooks ","Desktops, laptops, and notebooks ","Desktops, laptops, and notebooks ","Desktops, laptops, and notebooks "
85,eCommerce services ,eCommerce services ,eCommerce services ,eCommerce services ,eCommerce services ,eCommerce services ,eCommerce services ,eCommerce services ,eCommerce services ,eCommerce services 
86,Maintenance and repair services ,Maintenance and repair services ,Maintenance and repair services ,Maintenance and repair services ,Maintenance and repair services ,Maintenance and repair services ,Maintenance and repair services ,Maintenance and repair services ,Maintenance and repair services ,Maintenance and repair services 
87,Monitors and projectors ,Monitors and projectors ,Monitors and projectors ,Monitors and projectors ,Monitors and projectors ,Monitors and projectors ,Monitors and projectors ,Monitors and projectors ,Monitors and projectors ,Monitors and projectors 
88,Networking ,Networking ,Networking ,Networking ,Networking ,Networking ,Networking ,Networking ,Networking ,Networking 
89,Online gaming ,Online gaming ,Online gaming ,Online gaming ,Online gaming ,Online gaming ,Online gaming ,Online gaming ,Online gaming ,Online gaming 
90,Parts and accessories ,Parts and accessories ,Parts and accessories ,Parts and accessories ,Parts and accessories ,Parts and accessories ,Parts and accessories ,Parts and accessories ,Parts and accessories ,Parts and accessories 
91,Peripherals ,Peripherals ,Peripherals ,Peripherals ,Peripherals ,Peripherals ,Peripherals ,Peripherals ,Peripherals ,Peripherals 
92,Software ,Software ,Software ,Software ,Software ,Software ,Software ,Software ,Software ,Software 
93,Training services ,Training services ,Training services ,Training services ,Training services ,Training services ,Training services ,Training services ,Training services ,Training services 
94,Web hosting and design ,Web hosting and design ,Web hosting and design ,Web hosting and design ,Web hosting and design ,Web hosting and design ,Web hosting and design ,Web hosting and design ,Web hosting and design ,Web hosting and design 
95,Business and secretarial schools ,Business and secretarial schools ,Business and secretarial schools ,Business and secretarial schools ,Business and secretarial schools ,Business and secretarial schools ,Business and secretarial schools ,Business and secretarial schools ,Business and secretarial schools ,Business and secretarial schools 
96,Child daycare services ,Child daycare services ,Child daycare services ,Child daycare services ,Child daycare services ,Child daycare services ,Child daycare services ,Child daycare services ,Child daycare services ,Child daycare services 
97,Colleges and universities ,Colleges and universities ,Colleges and universities ,Colleges and universities ,Colleges and universities ,Colleges and universities ,Colleges and universities ,Colleges and universities ,Colleges and universities ,Colleges and universities 
98,"Dance halls, studios, and schools ","Dance halls, studios, and schools ","Dance halls, studios, and schools ","Dance halls, studios, and schools ","Dance halls, studios, and schools ","Dance halls, studios, and schools ","Dance halls, studios, and schools ","Dance halls, studios, and schools ","Dance halls, studios, and schools ","Dance halls, studios, and schools "
99,Elementary and secondary schools ,Elementary and secondary schools ,Elementary and secondary schools ,Elementary and secondary schools ,Elementary and secondary schools ,Elementary and secondary schools ,Elementary and secondary schools ,Elementary and secondary schools ,Elementary and secondary schools ,Elementary and secondary schools 
100,Vocational and trade schools ,Vocational and trade schools ,Vocational and trade schools ,Vocational and trade schools ,Vocational and trade schools ,Vocational and trade schools ,Vocational and trade schools ,Vocational and trade schools ,Vocational and trade schools ,Vocational and trade schools 
101,"Cameras, camcorders, and equipment ","Cameras, camcorders, and equipment ","Cameras, camcorders, and equipment ","Cameras, camcorders, and equipment ","Cameras, camcorders, and equipment ","Cameras, camcorders, and equipment ","Cameras, camcorders, and equipment ","Cameras, camcorders, and equipment ","Cameras, camcorders, and equipment ","Cameras, camcorders, and equipment "
102,"Cell phones, PDAs, and pagers ","Cell phones, PDAs, and pagers ","Cell phones, PDAs, and pagers ","Cell phones, PDAs, and pagers ","Cell phones, PDAs, and pagers ","Cell phones, PDAs, and pagers ","Cell phones, PDAs, and pagers ","Cell phones, PDAs, and pagers ","Cell phones, PDAs, and pagers ","Cell phones, PDAs, and pagers "
103,General electronic accessories ,General electronic accessories ,General electronic accessories ,General electronic accessories ,General electronic accessories ,General electronic accessories ,General electronic accessories ,General electronic accessories ,General electronic accessories ,General electronic accessories 
104,Home audio ,Home audio ,Home audio ,Home audio ,Home audio ,Home audio ,Home audio ,Home audio ,Home audio ,Home audio 
105,Home electronics ,Home electronics ,Home electronics ,Home electronics ,Home electronics ,Home electronics ,Home electronics ,Home electronics ,Home electronics ,Home electronics 
106,Security and surveillance ,Security and surveillance ,Security and surveillance ,Security and surveillance ,Security and surveillance ,Security and surveillance ,Security and surveillance ,Security and surveillance ,Security and surveillance ,Security and surveillance 
107,Telecommunication equipment and sales ,Telecommunication equipment and sales ,Telecommunication equipment and sales ,Telecommunication equipment and sales ,Telecommunication equipment and sales ,Telecommunication equipment and sales ,Telecommunication equipment and sales ,Telecommunication equipment and sales ,Telecommunication equipment and sales ,Telecommunication equipment and sales 
108,Telecommunication services ,Telecommunication services ,Telecommunication services ,Telecommunication services ,Telecommunication services ,Telecommunication services ,Telecommunication services ,Telecommunication services ,Telecommunication services ,Telecommunication services 
109,Telephone cards ,Telephone cards ,Telephone cards ,Telephone cards ,Telephone cards ,Telephone cards ,Telephone cards ,Telephone cards ,Telephone cards ,Telephone cards 
110,Movie tickets ,Movie tickets ,Movie tickets ,Movie tickets ,Movie tickets ,Movie tickets ,Movie tickets ,Movie tickets ,Movie tickets ,Movie tickets 
111,"Movies (DVDs, videotapes) ","Movies (DVDs, videotapes) ","Movies (DVDs, videotapes) ","Movies (DVDs, videotapes) ","Movies (DVDs, videotapes) ","Movies (DVDs, videotapes) ","Movies (DVDs, videotapes) ","Movies (DVDs, videotapes) ","Movies (DVDs, videotapes) ","Movies (DVDs, videotapes) "
112,"Music (CDs, cassettes and albums) ","Music (CDs, cassettes and albums) ","Music (CDs, cassettes and albums) ","Music (CDs, cassettes and albums) ","Music (CDs, cassettes and albums) ","Music (CDs, cassettes and albums) ","Music (CDs, cassettes and albums) ","Music (CDs, cassettes and albums) ","Music (CDs, cassettes and albums) ","Music (CDs, cassettes and albums) "
113,"Cable, satellite, and other pay TV and radio ","Cable, satellite, and other pay TV and radio ","Cable, satellite, and other pay TV and radio ","Cable, satellite, and other pay TV and radio ","Cable, satellite, and other pay TV and radio ","Cable, satellite, and other pay TV and radio ","Cable, satellite, and other pay TV and radio ","Cable, satellite, and other pay TV and radio ","Cable, satellite, and other pay TV and radio ","Cable, satellite, and other pay TV and radio "
114,Adult digital content ,Adult digital content ,Adult digital content ,Adult digital content ,Adult digital content ,Adult digital content ,Adult digital content ,Adult digital content ,Adult digital content ,Adult digital content 
115,Concert tickets ,Concert tickets ,Concert tickets ,Concert tickets ,Concert tickets ,Concert tickets ,Concert tickets ,Concert tickets ,Concert tickets ,Concert tickets 
116,Theater tickets ,Theater tickets ,Theater tickets ,Theater tickets ,Theater tickets ,Theater tickets ,Theater tickets ,Theater tickets ,Theater tickets ,Theater tickets 
117,Toys and games ,Toys and games ,Toys and games ,Toys and games ,Toys and games ,Toys and games ,Toys and games ,Toys and games ,Toys and games ,Toys and games 
118,Slot machines ,Slot machines ,Slot machines ,Slot machines ,Slot machines ,Slot machines ,Slot machines ,Slot machines ,Slot machines ,Slot machines 
119,Entertainers ,Entertainers ,Entertainers ,Entertainers ,Entertainers ,Entertainers ,Entertainers ,Entertainers ,Entertainers ,Entertainers 
120,Gambling ,Gambling ,Gambling ,Gambling ,Gambling ,Gambling ,Gambling ,Gambling ,Gambling ,Gambling 
121,Online games ,Online games ,Online games ,Online games ,Online games ,Online games ,Online games ,Online games ,Online games ,Online games 
122,Video games and systems ,Video games and systems ,Video games and systems ,Video games and systems ,Video games and systems ,Video games and systems ,Video games and systems ,Video games and systems ,Video games and systems ,Video games and systems 
123,Collection agency ,Collection agency ,Collection agency ,Collection agency ,Collection agency ,Collection agency ,Collection agency ,Collection agency ,Collection agency ,Collection agency 
124,Commodities and futures exchange ,Commodities and futures exchange ,Commodities and futures exchange ,Commodities and futures exchange ,Commodities and futures exchange ,Commodities and futures exchange ,Commodities and futures exchange ,Commodities and futures exchange ,Commodities and futures exchange ,Commodities and futures exchange 
125,Consumer credit reporting agencies ,Consumer credit reporting agencies ,Consumer credit reporting agencies ,Consumer credit reporting agencies ,Consumer credit reporting agencies ,Consumer credit reporting agencies ,Consumer credit reporting agencies ,Consumer credit reporting agencies ,Consumer credit reporting agencies ,Consumer credit reporting agencies 
126,Debt counseling service ,Debt counseling service ,Debt counseling service ,Debt counseling service ,Debt counseling service ,Debt counseling service ,Debt counseling service ,Debt counseling service ,Debt counseling service ,Debt counseling service 
127,Credit union ,Credit union ,Credit union ,Credit union ,Credit union ,Credit union ,Credit union ,Credit union ,Credit union ,Credit union 
128,Currency dealer and currency exchange ,Currency dealer and currency exchange ,Currency dealer and currency exchange ,Currency dealer and currency exchange ,Currency dealer and currency exchange ,Currency dealer and currency exchange ,Currency dealer and currency exchange ,Currency dealer and currency exchange ,Currency dealer and currency exchange ,Currency dealer and currency exchange 
129,Escrow ,Escrow ,Escrow ,Escrow ,Escrow ,Escrow ,Escrow ,Escrow ,Escrow ,Escrow 
130,Finance company ,Finance company ,Finance company ,Finance company ,Finance company ,Finance company ,Finance company ,Finance company ,Finance company ,Finance company 
131,Financial and investment advice ,Financial and investment advice ,Financial and investment advice ,Financial and investment advice ,Financial and investment advice ,Financial and investment advice ,Financial and investment advice ,Financial and investment advice ,Financial and investment advice ,Financial and investment advice 
132,Insurance (auto and home) ,Insurance (auto and home) ,Insurance (auto and home) ,Insurance (auto and home) ,Insurance (auto and home) ,Insurance (auto and home) ,Insurance (auto and home) ,Insurance (auto and home) ,Insurance (auto and home) ,Insurance (auto and home) 
133,Insurance (life and annuity) ,Insurance (life and annuity) ,Insurance (life and annuity) ,Insurance (life and annuity) ,Insurance (life and annuity) ,Insurance (life and annuity) ,Insurance (life and annuity) ,Insurance (life and annuity) ,Insurance (life and annuity) ,Insurance (life and annuity) 
134,Investments (general) ,Investments (general) ,Investments (general) ,Investments (general) ,Investments (general) ,Investments (general) ,Investments (general) ,Investments (general) ,Investments (general) ,Investments (general) 
135,Money service business ,Money service business ,Money service business ,Money service business ,Money service business ,Money service business ,Money service business ,Money service business ,Money service business ,Money service business 
136,Mortgage brokers or dealers ,Mortgage brokers or dealers ,Mortgage brokers or dealers ,Mortgage brokers or dealers ,Mortgage brokers or dealers ,Mortgage brokers or dealers ,Mortgage brokers or dealers ,Mortgage brokers or dealers ,Mortgage brokers or dealers ,Mortgage brokers or dealers 
137,Online gaming currency ,Online gaming currency ,Online gaming currency ,Online gaming currency ,Online gaming currency ,Online gaming currency ,Online gaming currency ,Online gaming currency ,Online gaming currency ,Online gaming currency 
138,Paycheck lender or cash advance ,Paycheck lender or cash advance ,Paycheck lender or cash advance ,Paycheck lender or cash advance ,Paycheck lender or cash advance ,Paycheck lender or cash advance ,Paycheck lender or cash advance ,Paycheck lender or cash advance ,Paycheck lender or cash advance ,Paycheck lender or cash advance 
139,Prepaid and stored value cards ,Prepaid and stored value cards ,Prepaid and stored value cards ,Prepaid and stored value cards ,Prepaid and stored value cards ,Prepaid and stored value cards ,Prepaid and stored value cards ,Prepaid and stored value cards ,Prepaid and stored value cards ,Prepaid and stored value cards 
140,Real estate agent ,Real estate agent ,Real estate agent ,Real estate agent ,Real estate agent ,Real estate agent ,Real estate agent ,Real estate agent ,Real estate agent ,Real estate agent 
141,Remittance ,Remittance ,Remittance ,Remittance ,Remittance ,Remittance ,Remittance ,Remittance ,Remittance ,Remittance 
142,Rental property management ,Rental property management ,Rental property management ,Rental property management ,Rental property management ,Rental property management ,Rental property management ,Rental property management ,Rental property management ,Rental property management 
143,Security brokers and dealers ,Security brokers and dealers ,Security brokers and dealers ,Security brokers and dealers ,Security brokers and dealers ,Security brokers and dealers ,Security brokers and dealers ,Security brokers and dealers ,Security brokers and dealers ,Security brokers and dealers 
144,Wire transfer and money order ,Wire transfer and money order ,Wire transfer and money order ,Wire transfer and money order ,Wire transfer and money order ,Wire transfer and money order ,Wire transfer and money order ,Wire transfer and money order ,Wire transfer and money order ,Wire transfer and money order 
145,Alcoholic beverages ,Alcoholic beverages ,Alcoholic beverages ,Alcoholic beverages ,Alcoholic beverages ,Alcoholic beverages ,Alcoholic beverages ,Alcoholic beverages ,Alcoholic beverages ,Alcoholic beverages 
146,Catering services ,Catering services ,Catering services ,Catering services ,Catering services ,Catering services ,Catering services ,Catering services ,Catering services ,Catering services 
147,Coffee and tea ,Coffee and tea ,Coffee and tea ,Coffee and tea ,Coffee and tea ,Coffee and tea ,Coffee and tea ,Coffee and tea ,Coffee and tea ,Coffee and tea 
148,Gourmet foods ,Gourmet foods ,Gourmet foods ,Gourmet foods ,Gourmet foods ,Gourmet foods ,Gourmet foods ,Gourmet foods ,Gourmet foods ,Gourmet foods 
149,Specialty and miscellaneous food stores ,Specialty and miscellaneous food stores ,Specialty and miscellaneous food stores ,Specialty and miscellaneous food stores ,Specialty and miscellaneous food stores ,Specialty and miscellaneous food stores ,Specialty and miscellaneous food stores ,Specialty and miscellaneous food stores ,Specialty and miscellaneous food stores ,Specialty and miscellaneous food stores 
150,Restaurant ,Restaurant ,Restaurant ,Restaurant ,Restaurant ,Restaurant ,Restaurant ,Restaurant ,Restaurant ,Restaurant 
151,Tobacco ,Tobacco ,Tobacco ,Tobacco ,Tobacco ,Tobacco ,Tobacco ,Tobacco ,Tobacco ,Tobacco 
152,Vitamins and supplements ,Vitamins and supplements ,Vitamins and supplements ,Vitamins and supplements ,Vitamins and supplements ,Vitamins and supplements ,Vitamins and supplements ,Vitamins and supplements ,Vitamins and supplements ,Vitamins and supplements 
153,Florist ,Florist ,Florist ,Florist ,Florist ,Florist ,Florist ,Florist ,Florist ,Florist 
154,"Gift, card, novelty, and souvenir shops ","Gift, card, novelty, and souvenir shops ","Gift, card, novelty, and souvenir shops ","Gift, card, novelty, and souvenir shops ","Gift, card, novelty, and souvenir shops ","Gift, card, novelty, and souvenir shops ","Gift, card, novelty, and souvenir shops ","Gift, card, novelty, and souvenir shops ","Gift, card, novelty, and souvenir shops ","Gift, card, novelty, and souvenir shops "
155,Nursery plants and flowers ,Nursery plants and flowers ,Nursery plants and flowers ,Nursery plants and flowers ,Nursery plants and flowers ,Nursery plants and flowers ,Nursery plants and flowers ,Nursery plants and flowers ,Nursery plants and flowers ,Nursery plants and flowers 
156,Party supplies ,Party supplies ,Party supplies ,Party supplies ,Party supplies ,Party supplies ,Party supplies ,Party supplies ,Party supplies ,Party supplies 
157,Government services (not elsewhere classified) ,Government services (not elsewhere classified) ,Government services (not elsewhere classified) ,Government services (not elsewhere classified) ,Government services (not elsewhere classified) ,Government services (not elsewhere classified) ,Government services (not elsewhere classified) ,Government services (not elsewhere classified) ,Government services (not elsewhere classified) ,Government services (not elsewhere classified) 
158,Drugstore (excluding prescription drugs) ,Drugstore (excluding prescription drugs) ,Drugstore (excluding prescription drugs) ,Drugstore (excluding prescription drugs) ,Drugstore (excluding prescription drugs) ,Drugstore (excluding prescription drugs) ,Drugstore (excluding prescription drugs) ,Drugstore (excluding prescription drugs) ,Drugstore (excluding prescription drugs) ,Drugstore (excluding prescription drugs) 
159,Drugstore (including prescription drugs) ,Drugstore (including prescription drugs) ,Drugstore (including prescription drugs) ,Drugstore (including prescription drugs) ,Drugstore (including prescription drugs) ,Drugstore (including prescription drugs) ,Drugstore (including prescription drugs) ,Drugstore (including prescription drugs) ,Drugstore (including prescription drugs) ,Drugstore (including prescription drugs) 
160,Dental care ,Dental care ,Dental care ,Dental care ,Dental care ,Dental care ,Dental care ,Dental care ,Dental care ,Dental care 
161,Medical care ,Medical care ,Medical care ,Medical care ,Medical care ,Medical care ,Medical care ,Medical care ,Medical care ,Medical care 
162,Medical equipment and supplies ,Medical equipment and supplies ,Medical equipment and supplies ,Medical equipment and supplies ,Medical equipment and supplies ,Medical equipment and supplies ,Medical equipment and supplies ,Medical equipment and supplies ,Medical equipment and supplies ,Medical equipment and supplies 
163,Vision care ,Vision care ,Vision care ,Vision care ,Vision care ,Vision care ,Vision care ,Vision care ,Vision care ,Vision care 
164,Appliances ,Appliances ,Appliances ,Appliances ,Appliances ,Appliances ,Appliances ,Appliances ,Appliances ,Appliances 
165,Bed and bath ,Bed and bath ,Bed and bath ,Bed and bath ,Bed and bath ,Bed and bath ,Bed and bath ,Bed and bath ,Bed and bath ,Bed and bath 
166,Construction material ,Construction material ,Construction material ,Construction material ,Construction material ,Construction material ,Construction material ,Construction material ,Construction material ,Construction material 
167,"Drapery, window covering, and upholstery ","Drapery, window covering, and upholstery ","Drapery, window covering, and upholstery ","Drapery, window covering, and upholstery ","Drapery, window covering, and upholstery ","Drapery, window covering, and upholstery ","Drapery, window covering, and upholstery ","Drapery, window covering, and upholstery ","Drapery, window covering, and upholstery ","Drapery, window covering, and upholstery "
168,Exterminating and disinfecting services ,Exterminating and disinfecting services ,Exterminating and disinfecting services ,Exterminating and disinfecting services ,Exterminating and disinfecting services ,Exterminating and disinfecting services ,Exterminating and disinfecting services ,Exterminating and disinfecting services ,Exterminating and disinfecting services ,Exterminating and disinfecting services 
169,"Fireplace, and fireplace screens ","Fireplace, and fireplace screens ","Fireplace, and fireplace screens ","Fireplace, and fireplace screens ","Fireplace, and fireplace screens ","Fireplace, and fireplace screens ","Fireplace, and fireplace screens ","Fireplace, and fireplace screens ","Fireplace, and fireplace screens ","Fireplace, and fireplace screens "
170,Garden supplies ,Garden supplies ,Garden supplies ,Garden supplies ,Garden supplies ,Garden supplies ,Garden supplies ,Garden supplies ,Garden supplies ,Garden supplies 
171,"Glass, paint, and wallpaper ","Glass, paint, and wallpaper ","Glass, paint, and wallpaper ","Glass, paint, and wallpaper ","Glass, paint, and wallpaper ","Glass, paint, and wallpaper ","Glass, paint, and wallpaper ","Glass, paint, and wallpaper ","Glass, paint, and wallpaper ","Glass, paint, and wallpaper "
172,Hardware and tools ,Hardware and tools ,Hardware and tools ,Hardware and tools ,Hardware and tools ,Hardware and tools ,Hardware and tools ,Hardware and tools ,Hardware and tools ,Hardware and tools 
173,Home decor ,Home decor ,Home decor ,Home decor ,Home decor ,Home decor ,Home decor ,Home decor ,Home decor ,Home decor 
174,Housewares ,Housewares ,Housewares ,Housewares ,Housewares ,Housewares ,Housewares ,Housewares ,Housewares ,Housewares 
175,Kitchenware ,Kitchenware ,Kitchenware ,Kitchenware ,Kitchenware ,Kitchenware ,Kitchenware ,Kitchenware ,Kitchenware ,Kitchenware 
176,Landscaping ,Landscaping ,Landscaping ,Landscaping ,Landscaping ,Landscaping ,Landscaping ,Landscaping ,Landscaping ,Landscaping 
177,Rugs and carpets ,Rugs and carpets ,Rugs and carpets ,Rugs and carpets ,Rugs and carpets ,Rugs and carpets ,Rugs and carpets ,Rugs and carpets ,Rugs and carpets ,Rugs and carpets 
178,Security and surveillance equipment ,Security and surveillance equipment ,Security and surveillance equipment ,Security and surveillance equipment ,Security and surveillance equipment ,Security and surveillance equipment ,Security and surveillance equipment ,Security and surveillance equipment ,Security and surveillance equipment ,Security and surveillance equipment 
179,Swimming pools and spas ,Swimming pools and spas ,Swimming pools and spas ,Swimming pools and spas ,Swimming pools and spas ,Swimming pools and spas ,Swimming pools and spas ,Swimming pools and spas ,Swimming pools and spas ,Swimming pools and spas 
180,Charity ,Charity ,Charity ,Charity ,Charity ,Charity ,Charity ,Charity ,Charity ,Charity 
181,Political ,Political ,Political ,Political ,Political ,Political ,Political ,Political ,Political ,Political 
182,Religious ,Religious ,Religious ,Religious ,Religious ,Religious ,Religious ,Religious ,Religious ,Religious 
183,Other ,Other ,Other ,Other ,Other ,Other ,Other ,Other ,Other ,Other 
184,Personal ,Personal ,Personal ,Personal ,Personal ,Personal ,Personal ,Personal ,Personal ,Personal 
185,Educational ,Educational ,Educational ,Educational ,Educational ,Educational ,Educational ,Educational ,Educational ,Educational 
186,Medication and supplements ,Medication and supplements ,Medication and supplements ,Medication and supplements ,Medication and supplements ,Medication and supplements ,Medication and supplements ,Medication and supplements ,Medication and supplements ,Medication and supplements 
187,"Pet shops, pet food, and supplies ","Pet shops, pet food, and supplies ","Pet shops, pet food, and supplies ","Pet shops, pet food, and supplies ","Pet shops, pet food, and supplies ","Pet shops, pet food, and supplies ","Pet shops, pet food, and supplies ","Pet shops, pet food, and supplies ","Pet shops, pet food, and supplies ","Pet shops, pet food, and supplies "
188,Specialty or rare pets ,Specialty or rare pets ,Specialty or rare pets ,Specialty or rare pets ,Specialty or rare pets ,Specialty or rare pets ,Specialty or rare pets ,Specialty or rare pets ,Specialty or rare pets ,Specialty or rare pets 
189,Veterinary services ,Veterinary services ,Veterinary services ,Veterinary services ,Veterinary services ,Veterinary services ,Veterinary services ,Veterinary services ,Veterinary services ,Veterinary services 
190,Membership services ,Membership services ,Membership services ,Membership services ,Membership services ,Membership services ,Membership services ,Membership services ,Membership services ,Membership services 
191,Merchandise ,Merchandise ,Merchandise ,Merchandise ,Merchandise ,Merchandise ,Merchandise ,Merchandise ,Merchandise ,Merchandise 
192,Services (not elsewhere classified) ,Services (not elsewhere classified) ,Services (not elsewhere classified) ,Services (not elsewhere classified) ,Services (not elsewhere classified) ,Services (not elsewhere classified) ,Services (not elsewhere classified) ,Services (not elsewhere classified) ,Services (not elsewhere classified) ,Services (not elsewhere classified) 
193,Department store ,Department store ,Department store ,Department store ,Department store ,Department store ,Department store ,Department store ,Department store ,Department store 
194,Discount store ,Discount store ,Discount store ,Discount store ,Discount store ,Discount store ,Discount store ,Discount store ,Discount store ,Discount store 
195,Durable goods ,Durable goods ,Durable goods ,Durable goods ,Durable goods ,Durable goods ,Durable goods ,Durable goods ,Durable goods ,Durable goods 
196,Non-durable goods ,Non-durable goods ,Non-durable goods ,Non-durable goods ,Non-durable goods ,Non-durable goods ,Non-durable goods ,Non-durable goods ,Non-durable goods ,Non-durable goods 
197,Used and secondhand store ,Used and secondhand store ,Used and secondhand store ,Used and secondhand store ,Used and secondhand store ,Used and secondhand store ,Used and secondhand store ,Used and secondhand store ,Used and secondhand store ,Used and secondhand store 
198,Variety store ,Variety store ,Variety store ,Variety store ,Variety store ,Variety store ,Variety store ,Variety store ,Variety store ,Variety store 
199,Shopping services and buying clubs ,Shopping services and buying clubs ,Shopping services and buying clubs ,Shopping services and buying clubs ,Shopping services and buying clubs ,Shopping services and buying clubs ,Shopping services and buying clubs ,Shopping services and buying clubs ,Shopping services and buying clubs ,Shopping services and buying clubs 
200,Career services ,Career services ,Career services ,Career services ,Career services ,Career services ,Career services ,Career services ,Career services ,Career services 
201,Carpentry ,Carpentry ,Carpentry ,Carpentry ,Carpentry ,Carpentry ,Carpentry ,Carpentry ,Carpentry ,Carpentry 
202,Child care services ,Child care services ,Child care services ,Child care services ,Child care services ,Child care services ,Child care services ,Child care services ,Child care services ,Child care services 
203,Cleaning and maintenance ,Cleaning and maintenance ,Cleaning and maintenance ,Cleaning and maintenance ,Cleaning and maintenance ,Cleaning and maintenance ,Cleaning and maintenance ,Cleaning and maintenance ,Cleaning and maintenance ,Cleaning and maintenance 
204,Commercial photography ,Commercial photography ,Commercial photography ,Commercial photography ,Commercial photography ,Commercial photography ,Commercial photography ,Commercial photography ,Commercial photography ,Commercial photography 
205,Computer network services ,Computer network services ,Computer network services ,Computer network services ,Computer network services ,Computer network services ,Computer network services ,Computer network services ,Computer network services ,Computer network services 
206,Counseling services ,Counseling services ,Counseling services ,Counseling services ,Counseling services ,Counseling services ,Counseling services ,Counseling services ,Counseling services ,Counseling services 
207,Courier services ,Courier services ,Courier services ,Courier services ,Courier services ,Courier services ,Courier services ,Courier services ,Courier services ,Courier services 
208,Electrical and small appliance repair ,Electrical and small appliance repair ,Electrical and small appliance repair ,Electrical and small appliance repair ,Electrical and small appliance repair ,Electrical and small appliance repair ,Electrical and small appliance repair ,Electrical and small appliance repair ,Electrical and small appliance repair ,Electrical and small appliance repair 
209,Entertainment ,Entertainment ,Entertainment ,Entertainment ,Entertainment ,Entertainment ,Entertainment ,Entertainment ,Entertainment ,Entertainment 
210,Equipment rental and leasing services ,Equipment rental and leasing services ,Equipment rental and leasing services ,Equipment rental and leasing services ,Equipment rental and leasing services ,Equipment rental and leasing services ,Equipment rental and leasing services ,Equipment rental and leasing services ,Equipment rental and leasing services ,Equipment rental and leasing services 
211,Event and wedding planning ,Event and wedding planning ,Event and wedding planning ,Event and wedding planning ,Event and wedding planning ,Event and wedding planning ,Event and wedding planning ,Event and wedding planning ,Event and wedding planning ,Event and wedding planning 
212,General contractors ,General contractors ,General contractors ,General contractors ,General contractors ,General contractors ,General contractors ,General contractors ,General contractors ,General contractors 
213,Graphic and commercial design ,Graphic and commercial design ,Graphic and commercial design ,Graphic and commercial design ,Graphic and commercial design ,Graphic and commercial design ,Graphic and commercial design ,Graphic and commercial design ,Graphic and commercial design ,Graphic and commercial design 
214,Health and beauty spas ,Health and beauty spas ,Health and beauty spas ,Health and beauty spas ,Health and beauty spas ,Health and beauty spas ,Health and beauty spas ,Health and beauty spas ,Health and beauty spas ,Health and beauty spas 
215,"IDs, licenses, and passports ","IDs, licenses, and passports ","IDs, licenses, and passports ","IDs, licenses, and passports ","IDs, licenses, and passports ","IDs, licenses, and passports ","IDs, licenses, and passports ","IDs, licenses, and passports ","IDs, licenses, and passports ","IDs, licenses, and passports "
216,Importing and exporting ,Importing and exporting ,Importing and exporting ,Importing and exporting ,Importing and exporting ,Importing and exporting ,Importing and exporting ,Importing and exporting ,Importing and exporting ,Importing and exporting 
217,Information retrieval services ,Information retrieval services ,Information retrieval services ,Information retrieval services ,Information retrieval services ,Information retrieval services ,Information retrieval services ,Information retrieval services ,Information retrieval services ,Information retrieval services 
218,Insurance - auto and home ,Insurance - auto and home ,Insurance - auto and home ,Insurance - auto and home ,Insurance - auto and home ,Insurance - auto and home ,Insurance - auto and home ,Insurance - auto and home ,Insurance - auto and home ,Insurance - auto and home 
219,Insurance - life and annuity ,Insurance - life and annuity ,Insurance - life and annuity ,Insurance - life and annuity ,Insurance - life and annuity ,Insurance - life and annuity ,Insurance - life and annuity ,Insurance - life and annuity ,Insurance - life and annuity ,Insurance - life and annuity 
220,Landscaping and horticultural ,Landscaping and horticultural ,Landscaping and horticultural ,Landscaping and horticultural ,Landscaping and horticultural ,Landscaping and horticultural ,Landscaping and horticultural ,Landscaping and horticultural ,Landscaping and horticultural ,Landscaping and horticultural 
221,Legal services and attorneys ,Legal services and attorneys ,Legal services and attorneys ,Legal services and attorneys ,Legal services and attorneys ,Legal services and attorneys ,Legal services and attorneys ,Legal services and attorneys ,Legal services and attorneys ,Legal services and attorneys 
222,Local delivery service ,Local delivery service ,Local delivery service ,Local delivery service ,Local delivery service ,Local delivery service ,Local delivery service ,Local delivery service ,Local delivery service ,Local delivery service 
223,Lottery and contests ,Lottery and contests ,Lottery and contests ,Lottery and contests ,Lottery and contests ,Lottery and contests ,Lottery and contests ,Lottery and contests ,Lottery and contests ,Lottery and contests 
224,Membership clubs and organizations ,Membership clubs and organizations ,Membership clubs and organizations ,Membership clubs and organizations ,Membership clubs and organizations ,Membership clubs and organizations ,Membership clubs and organizations ,Membership clubs and organizations ,Membership clubs and organizations ,Membership clubs and organizations 
225,Misc. publishing and printing ,Misc. publishing and printing ,Misc. publishing and printing ,Misc. publishing and printing ,Misc. publishing and printing ,Misc. publishing and printing ,Misc. publishing and printing ,Misc. publishing and printing ,Misc. publishing and printing ,Misc. publishing and printing 
226,Moving and storage ,Moving and storage ,Moving and storage ,Moving and storage ,Moving and storage ,Moving and storage ,Moving and storage ,Moving and storage ,Moving and storage ,Moving and storage 
227,Online dating ,Online dating ,Online dating ,Online dating ,Online dating ,Online dating ,Online dating ,Online dating ,Online dating ,Online dating 
228,Photofinishing ,Photofinishing ,Photofinishing ,Photofinishing ,Photofinishing ,Photofinishing ,Photofinishing ,Photofinishing ,Photofinishing ,Photofinishing 
229,Photographic studios - portraits ,Photographic studios - portraits ,Photographic studios - portraits ,Photographic studios - portraits ,Photographic studios - portraits ,Photographic studios - portraits ,Photographic studios - portraits ,Photographic studios - portraits ,Photographic studios - portraits ,Photographic studios - portraits 
230,Protective and security services ,Protective and security services ,Protective and security services ,Protective and security services ,Protective and security services ,Protective and security services ,Protective and security services ,Protective and security services ,Protective and security services ,Protective and security services 
231,"Radio, television, and stereo repair ","Radio, television, and stereo repair ","Radio, television, and stereo repair ","Radio, television, and stereo repair ","Radio, television, and stereo repair ","Radio, television, and stereo repair ","Radio, television, and stereo repair ","Radio, television, and stereo repair ","Radio, television, and stereo repair ","Radio, television, and stereo repair "
232,Reupholstery and furniture repair ,Reupholstery and furniture repair ,Reupholstery and furniture repair ,Reupholstery and furniture repair ,Reupholstery and furniture repair ,Reupholstery and furniture repair ,Reupholstery and furniture repair ,Reupholstery and furniture repair ,Reupholstery and furniture repair ,Reupholstery and furniture repair 
233,Swimming pool services ,Swimming pool services ,Swimming pool services ,Swimming pool services ,Swimming pool services ,Swimming pool services ,Swimming pool services ,Swimming pool services ,Swimming pool services ,Swimming pool services 
234,Tailors and alterations ,Tailors and alterations ,Tailors and alterations ,Tailors and alterations ,Tailors and alterations ,Tailors and alterations ,Tailors and alterations ,Tailors and alterations ,Tailors and alterations ,Tailors and alterations 
235,Telecommunication service ,Telecommunication service ,Telecommunication service ,Telecommunication service ,Telecommunication service ,Telecommunication service ,Telecommunication service ,Telecommunication service ,Telecommunication service ,Telecommunication service 
236,Utilities ,Utilities ,Utilities ,Utilities ,Utilities ,Utilities ,Utilities ,Utilities ,Utilities ,Utilities 
237,"Watch, clock, and jewelry repair ","Watch, clock, and jewelry repair ","Watch, clock, and jewelry repair ","Watch, clock, and jewelry repair ","Watch, clock, and jewelry repair ","Watch, clock, and jewelry repair ","Watch, clock, and jewelry repair ","Watch, clock, and jewelry repair ","Watch, clock, and jewelry repair ","Watch, clock, and jewelry repair "
238,Athletic shoes ,Athletic shoes ,Athletic shoes ,Athletic shoes ,Athletic shoes ,Athletic shoes ,Athletic shoes ,Athletic shoes ,Athletic shoes ,Athletic shoes 
239,"Bicycle shop, service, and repair ","Bicycle shop, service, and repair ","Bicycle shop, service, and repair ","Bicycle shop, service, and repair ","Bicycle shop, service, and repair ","Bicycle shop, service, and repair ","Bicycle shop, service, and repair ","Bicycle shop, service, and repair ","Bicycle shop, service, and repair ","Bicycle shop, service, and repair "
240,"Boating, sailing and accessories ","Boating, sailing and accessories ","Boating, sailing and accessories ","Boating, sailing and accessories ","Boating, sailing and accessories ","Boating, sailing and accessories ","Boating, sailing and accessories ","Boating, sailing and accessories ","Boating, sailing and accessories ","Boating, sailing and accessories "
241,Camping and outdoors ,Camping and outdoors ,Camping and outdoors ,Camping and outdoors ,Camping and outdoors ,Camping and outdoors ,Camping and outdoors ,Camping and outdoors ,Camping and outdoors ,Camping and outdoors 
242,Exercise and fitness ,Exercise and fitness ,Exercise and fitness ,Exercise and fitness ,Exercise and fitness ,Exercise and fitness ,Exercise and fitness ,Exercise and fitness ,Exercise and fitness ,Exercise and fitness 
243,Fan gear and memorabilia ,Fan gear and memorabilia ,Fan gear and memorabilia ,Fan gear and memorabilia ,Fan gear and memorabilia ,Fan gear and memorabilia ,Fan gear and memorabilia ,Fan gear and memorabilia ,Fan gear and memorabilia ,Fan gear and memorabilia 
244,Firearm accessories ,Firearm accessories ,Firearm accessories ,Firearm accessories ,Firearm accessories ,Firearm accessories ,Firearm accessories ,Firearm accessories ,Firearm accessories ,Firearm accessories 
245,Firearms ,Firearms ,Firearms ,Firearms ,Firearms ,Firearms ,Firearms ,Firearms ,Firearms ,Firearms 
246,Hunting ,Hunting ,Hunting ,Hunting ,Hunting ,Hunting ,Hunting ,Hunting ,Hunting ,Hunting 
247,Knives ,Knives ,Knives ,Knives ,Knives ,Knives ,Knives ,Knives ,Knives ,Knives 
248,Martial arts weapons ,Martial arts weapons ,Martial arts weapons ,Martial arts weapons ,Martial arts weapons ,Martial arts weapons ,Martial arts weapons ,Martial arts weapons ,Martial arts weapons ,Martial arts weapons 
249,Sport games and toys ,Sport games and toys ,Sport games and toys ,Sport games and toys ,Sport games and toys ,Sport games and toys ,Sport games and toys ,Sport games and toys ,Sport games and toys ,Sport games and toys 
250,Sporting equipment ,Sporting equipment ,Sporting equipment ,Sporting equipment ,Sporting equipment ,Sporting equipment ,Sporting equipment ,Sporting equipment ,Sporting equipment ,Sporting equipment 
251,Arts and crafts ,Arts and crafts ,Arts and crafts ,Arts and crafts ,Arts and crafts ,Arts and crafts ,Arts and crafts ,Arts and crafts ,Arts and crafts ,Arts and crafts 
252,"Hobby, toy, and game shops ","Hobby, toy, and game shops ","Hobby, toy, and game shops ","Hobby, toy, and game shops ","Hobby, toy, and game shops ","Hobby, toy, and game shops ","Hobby, toy, and game shops ","Hobby, toy, and game shops ","Hobby, toy, and game shops ","Hobby, toy, and game shops "
253,Music store - instruments and sheet music ,Music store - instruments and sheet music ,Music store - instruments and sheet music ,Music store - instruments and sheet music ,Music store - instruments and sheet music ,Music store - instruments and sheet music ,Music store - instruments and sheet music ,Music store - instruments and sheet music ,Music store - instruments and sheet music ,Music store - instruments and sheet music 
254,"Stationary, printing, and writing paper ","Stationary, printing, and writing paper ","Stationary, printing, and writing paper ","Stationary, printing, and writing paper ","Stationary, printing, and writing paper ","Stationary, printing, and writing paper ","Stationary, printing, and writing paper ","Stationary, printing, and writing paper ","Stationary, printing, and writing paper ","Stationary, printing, and writing paper "
255,Airline ,Airline ,Airline ,Airline ,Airline ,Airline ,Airline ,Airline ,Airline ,Airline 
256,Auto rental ,Auto rental ,Auto rental ,Auto rental ,Auto rental ,Auto rental ,Auto rental ,Auto rental ,Auto rental ,Auto rental 
257,Bus line ,Bus line ,Bus line ,Bus line ,Bus line ,Bus line ,Bus line ,Bus line ,Bus line ,Bus line 
258,Cruises ,Cruises ,Cruises ,Cruises ,Cruises ,Cruises ,Cruises ,Cruises ,Cruises ,Cruises 
259,Lodging and accommodations ,Lodging and accommodations ,Lodging and accommodations ,Lodging and accommodations ,Lodging and accommodations ,Lodging and accommodations ,Lodging and accommodations ,Lodging and accommodations ,Lodging and accommodations ,Lodging and accommodations 
260,Luggage and leather goods ,Luggage and leather goods ,Luggage and leather goods ,Luggage and leather goods ,Luggage and leather goods ,Luggage and leather goods ,Luggage and leather goods ,Luggage and leather goods ,Luggage and leather goods ,Luggage and leather goods 
261,Recreational services ,Recreational services ,Recreational services ,Recreational services ,Recreational services ,Recreational services ,Recreational services ,Recreational services ,Recreational services ,Recreational services 
262,Sporting and recreation camps ,Sporting and recreation camps ,Sporting and recreation camps ,Sporting and recreation camps ,Sporting and recreation camps ,Sporting and recreation camps ,Sporting and recreation camps ,Sporting and recreation camps ,Sporting and recreation camps ,Sporting and recreation camps 
263,Taxicabs and limousines ,Taxicabs and limousines ,Taxicabs and limousines ,Taxicabs and limousines ,Taxicabs and limousines ,Taxicabs and limousines ,Taxicabs and limousines ,Taxicabs and limousines ,Taxicabs and limousines ,Taxicabs and limousines 
264,Timeshares ,Timeshares ,Timeshares ,Timeshares ,Timeshares ,Timeshares ,Timeshares ,Timeshares ,Timeshares ,Timeshares 
265,Tours ,Tours ,Tours ,Tours ,Tours ,Tours ,Tours ,Tours ,Tours ,Tours 
266,Trailer parks or campgrounds ,Trailer parks or campgrounds ,Trailer parks or campgrounds ,Trailer parks or campgrounds ,Trailer parks or campgrounds ,Trailer parks or campgrounds ,Trailer parks or campgrounds ,Trailer parks or campgrounds ,Trailer parks or campgrounds ,Trailer parks or campgrounds 
267,Transportation services - other ,Transportation services - other ,Transportation services - other ,Transportation services - other ,Transportation services - other ,Transportation services - other ,Transportation services - other ,Transportation services - other ,Transportation services - other ,Transportation services - other 
268,Travel agency ,Travel agency ,Travel agency ,Travel agency ,Travel agency ,Travel agency ,Travel agency ,Travel agency ,Travel agency ,Travel agency 
269,Auto dealer - new and used ,Auto dealer - new and used ,Auto dealer - new and used ,Auto dealer - new and used ,Auto dealer - new and used ,Auto dealer - new and used ,Auto dealer - new and used ,Auto dealer - new and used ,Auto dealer - new and used ,Auto dealer - new and used 
270,Auto dealer - used only ,Auto dealer - used only ,Auto dealer - used only ,Auto dealer - used only ,Auto dealer - used only ,Auto dealer - used only ,Auto dealer - used only ,Auto dealer - used only ,Auto dealer - used only ,Auto dealer - used only 
271,Aviation ,Aviation ,Aviation ,Aviation ,Aviation ,Aviation ,Aviation ,Aviation ,Aviation ,Aviation 
272,Boat dealer ,Boat dealer ,Boat dealer ,Boat dealer ,Boat dealer ,Boat dealer ,Boat dealer ,Boat dealer ,Boat dealer ,Boat dealer 
273,Mobile home dealer ,Mobile home dealer ,Mobile home dealer ,Mobile home dealer ,Mobile home dealer ,Mobile home dealer ,Mobile home dealer ,Mobile home dealer ,Mobile home dealer ,Mobile home dealer 
274,Motorcycle dealer ,Motorcycle dealer ,Motorcycle dealer ,Motorcycle dealer ,Motorcycle dealer ,Motorcycle dealer ,Motorcycle dealer ,Motorcycle dealer ,Motorcycle dealer ,Motorcycle dealer 
275,Recreational and utility trailer dealer ,Recreational and utility trailer dealer ,Recreational and utility trailer dealer ,Recreational and utility trailer dealer ,Recreational and utility trailer dealer ,Recreational and utility trailer dealer ,Recreational and utility trailer dealer ,Recreational and utility trailer dealer ,Recreational and utility trailer dealer ,Recreational and utility trailer dealer 
276,Recreational vehicle dealer ,Recreational vehicle dealer ,Recreational vehicle dealer ,Recreational vehicle dealer ,Recreational vehicle dealer ,Recreational vehicle dealer ,Recreational vehicle dealer ,Recreational vehicle dealer ,Recreational vehicle dealer ,Recreational vehicle dealer 
277,New parts and supplies - motor vehicle ,New parts and supplies - motor vehicle ,New parts and supplies - motor vehicle ,New parts and supplies - motor vehicle ,New parts and supplies - motor vehicle ,New parts and supplies - motor vehicle ,New parts and supplies - motor vehicle ,New parts and supplies - motor vehicle ,New parts and supplies - motor vehicle ,New parts and supplies - motor vehicle 
278,Used parts - motor vehicle ,Used parts - motor vehicle ,Used parts - motor vehicle ,Used parts - motor vehicle ,Used parts - motor vehicle ,Used parts - motor vehicle ,Used parts - motor vehicle ,Used parts - motor vehicle ,Used parts - motor vehicle ,Used parts - motor vehicle 
279,Audio and video ,Audio and video ,Audio and video ,Audio and video ,Audio and video ,Audio and video ,Audio and video ,Audio and video ,Audio and video ,Audio and video 
280,Auto body repair and paint ,Auto body repair and paint ,Auto body repair and paint ,Auto body repair and paint ,Auto body repair and paint ,Auto body repair and paint ,Auto body repair and paint ,Auto body repair and paint ,Auto body repair and paint ,Auto body repair and paint 
281,Auto service ,Auto service ,Auto service ,Auto service ,Auto service ,Auto service ,Auto service ,Auto service ,Auto service ,Auto service 
282,Automotive tire supply and service ,Automotive tire supply and service ,Automotive tire supply and service ,Automotive tire supply and service ,Automotive tire supply and service ,Automotive tire supply and service ,Automotive tire supply and service ,Automotive tire supply and service ,Automotive tire supply and service ,Automotive tire supply and service 
283,Boat rental and leases ,Boat rental and leases ,Boat rental and leases ,Boat rental and leases ,Boat rental and leases ,Boat rental and leases ,Boat rental and leases ,Boat rental and leases ,Boat rental and leases ,Boat rental and leases 
284,Car wash ,Car wash ,Car wash ,Car wash ,Car wash ,Car wash ,Car wash ,Car wash ,Lavagem de carros,Car wash 
285,Motor home and recreational vehicle rental ,Motor home and recreational vehicle rental ,Motor home and recreational vehicle rental ,Motor home and recreational vehicle rental ,Motor home and recreational vehicle rental ,Motor home and recreational vehicle rental ,Motor home and recreational vehicle rental ,Motor home and recreational vehicle rental ,Motor home and recreational vehicle rental ,Motor home and recreational vehicle rental 
286,Tools and equipment ,Tools and equipment ,Tools and equipment ,Tools and equipment ,Tools and equipment ,Tools and equipment ,Tools and equipment ,Tools and equipment ,Ferramentas e equipamentos,Tools and equipment 
287,Towing service ,Towing service ,Towing service ,Towing service ,Towing service ,Towing service ,Towing service ,Towing service ,Servio de toalhas?,Towing service 
288,Truck and utility trailer rental ,Truck and utility trailer rental ,Truck and utility trailer rental ,Truck and utility trailer rental ,Truck and utility trailer rental ,Truck and utility trailer rental ,Truck and utility trailer rental ,Truck and utility trailer rental ,Caminhes e etc,Truck and utility trailer rental 
